question,answer,accuracy,relevance,conciseness,helpfulness,overall
"Trong bối cảnh xử lý dữ liệu cá nhân, sự đồng ý của chủ thể dữ liệu có những yêu cầu gì và tại sao nó lại quan trọng?","Đoạn văn nằm trong phần ""Sự đồng ý của chủ thể dữ liệu"" của tài liệu ""nghi_dinh_13_summary.md"" và nói về yêu cầu có sự đồng ý của chủ thể dữ liệu khi xử lý dữ liệu cá nhân.",3.0,3.0,4.0,3.0,3.25
Dữ liệu cá nhân cơ bản là gì?,"Đoạn văn nằm trong tài liệu ""nghi_dinh_13_summary.md"" và nói về các loại dữ liệu cá nhân cơ bản và nhạy cảm.",3.0,4.0,4.0,3.0,3.5
Tại sao sự đồng ý của chủ thể dữ liệu là cần thiết trong việc xử lý dữ liệu cá nhân và dữ liệu cá nhân là gì?,"Đoạn văn nằm trong phần ""Sự đồng ý của chủ thể dữ liệu"" của tài liệu ""nghi_dinh_13_summary.md"" và nói về yêu cầu có sự đồng ý của chủ thể dữ liệu khi xử lý dữ liệu cá nhân.",3.0,4.0,4.0,3.0,3.5
Nghị định 13/2023/NĐ-CP là gì và ai áp dụng ở Việt Nam?,"Đoạn văn nằm ở phần đầu của tài liệu ""nghi_dinh_13_summary.md"" và nói về Nghị định 13/2023/NĐ-CP liên quan đến bảo vệ dữ liệu cá nhân.",3.0,4.0,4.0,3.0,3.5
"What are the potential consequences for organizations that violate personal data protection regulations, and how does this relate to their financial performance?","Đoạn văn nằm trong phần tóm tắt của tài liệu ""nghi_dinh_13_summary.md"" và nói về phạm vi áp dụng của nghị định đối với các cơ quan, tổ chức và cá nhân trong và ngoài Việt Nam.",1.0,1.0,3.0,1.0,1.0
Giá trị hàng hóa dịch vụ bán ra chịu thuế suất 10% là bao nhiêu?,"Hàng hóa, dịch vụ bán ra chịu thuế suất 10% có giá trị 3.703.685.610 đồng và thuế giá trị gia tăng tương ứng là 344.675.400 đồng.",5.0,5.0,5.0,5.0,5.0
"Trong dữ liệu cá nhân cơ bản, số chứng minh nhân dân có vai trò gì và tại sao nó lại quan trọng đối với việc đảm bảo tuân thủ quy định thuế?","Đoạn văn nằm trong phần ""Dữ liệu cá nhân và nguyên tắc bảo vệ"" của tài liệu ""nghi_dinh_13_summary.md"" và nói về định nghĩa dữ liệu cá nhân.",1.0,1.0,3.0,1.0,1.0
Dữ liệu cá nhân là gì?,"Đoạn văn nằm trong tài liệu ""nghi_dinh_13_summary.md"" và nói về các loại dữ liệu cá nhân cơ bản và nhạy cảm.",3.0,4.0,4.0,3.0,3.5
"Thuế GTGT của hàng hóa, dịch vụ mua vào trong kỳ là bao nhiêu?","Thuế giá trị gia tăng của hàng hóa, dịch vụ mua vào trong kỳ là 215.163.767 đồng.",5.0,5.0,5.0,5.0,5.0
Phap luat ve xu ly vi pham du lieu ca nhan la gi?,"Đoạn văn nằm trong phần ""Xử lý vi phạm"" của tài liệu ""nghi_dinh_13_summary.md"" và nói về các hình thức xử lý đối với vi phạm quy định về bảo vệ dữ liệu cá nhân.",5.0,5.0,4.0,5.0,4.75
Nghị định 13/2023/NĐ-CP của Chính phủ áp dụng cho ai ở Việt Nam?,Nghị định 13/2023/NĐ-CP của Chính phủ được ban hành ngày 17 tháng 4 năm 2023.,2.0,2.0,4.0,2.0,2.5
Thuế giá trị gia tăng là bao nhiêu?,Thuế giá trị gia tăng còn phải nộp trong kỳ là 52.133.830 đồng.,5.0,5.0,5.0,5.0,5.0
Xử lý vi phạm như thế nào liên quan đến quyền của chủ thể dữ liệu?,"Đoạn văn nằm trong phần ""Quyền của chủ thể dữ liệu"" của tài liệu ""nghi_dinh_13_summary.md"" và nói về các quyền của chủ thể dữ liệu liên quan đến việc xử lý thông tin cá nhân.",3.0,4.0,4.0,3.0,3.5
Hàng hóa là gì và tổng doanh thu của nó là bao nhiêu?,"Tổng doanh thu của hàng hóa, dịch vụ bán ra trong kỳ là 3.703.685.610 đồng.",3.0,5.0,5.0,4.0,4.25
Cái gì là trách nhiệm của bên kiểm soát dữ liệu khi chuyển dữ liệu cá nhân ra nước ngoài?,"Đoạn văn nằm trong phần ""Trách nhiệm của bên kiểm soát và xử lý dữ liệu"" của tài liệu ""nghi_dinh_13_summary.md"" và nói về trách nhiệm của các bên liên quan trong việc bảo vệ dữ liệu cá nhân.",3.0,3.0,4.0,3.0,3.25
Hàng hóa dịch vụ bán ra là gì và thuế suất của nó là bao nhiêu?,"Hàng hóa, dịch vụ bán ra chịu thuế suất 10% có giá trị 3.703.685.610 đồng và thuế giá trị gia tăng tương ứng là 344.675.400 đồng.",4.0,5.0,4.0,5.0,4.5
"What are the total sales figures for goods and services subject to a 10% tax rate, and how do these figures relate to the tax obligations identified for the period?","Hàng hóa, dịch vụ bán ra chịu thuế suất 10% có giá trị 3.703.685.610 đồng và thuế giá trị gia tăng tương ứng là 344.675.400 đồng.",5.0,5.0,5.0,5.0,5.0
What is the process for transferring personal data of Vietnamese citizens abroad according to the Bộ Công an?,"Tổ chức, cá nhân chuyển dữ liệu cá nhân của công dân Việt Nam ra nước ngoài phải lập hồ sơ đánh giá tác động chuyển dữ liệu cá nhân ra nước ngoài và gửi cơ quan chuyên trách bảo vệ dữ liệu cá nhân thuộc Bộ Công an.",5.0,5.0,5.0,5.0,5.0
"What are the legal implications for organizations that process personal data without the consent of the data subject, and how does this relate to the requirements for obtaining consent as outlined in the law?","Đoạn văn nằm trong phần ""Sự đồng ý của chủ thể dữ liệu"" của tài liệu ""nghi_dinh_13_summary.md"" và nói về yêu cầu có sự đồng ý của chủ thể dữ liệu khi xử lý dữ liệu cá nhân.",1.0,1.0,3.0,1.0,1.0
"Xử lý vi phạm nào được áp dụng cho các cơ quan, tổ chức, cá nhân vi phạm quy định về bảo vệ dữ liệu cá nhân theo Nghị định 13/2023/NĐ-CP?","Đoạn văn nằm ở phần đầu của tài liệu ""nghi_dinh_13_summary.md"" và nói về Nghị định 13/2023/NĐ-CP liên quan đến bảo vệ dữ liệu cá nhân.",1.0,1.0,3.0,1.0,1.0
Dữ liệu cá nhân là gì và nó phải được xử lý như thế nào?,"Đoạn văn này nằm trong tài liệu ""nghi_dinh_13_summary.md"" và nói về các nguyên tắc xử lý dữ liệu cá nhân.",1.0,2.0,3.0,2.0,2.0
"Là một nhân viên tuân thủ thuế, tôi muốn biết các nguyên tắc nào cần tuân thủ khi xử lý dữ liệu cá nhân để đảm bảo tính hợp pháp và an toàn?","Dữ liệu cá nhân phải được xử lý hợp pháp, công bằng, minh bạch, đúng mục đích, giới hạn trong phạm vi cần thiết, bảo đảm chính xác, bảo mật và an toàn.",5.0,5.0,5.0,5.0,5.0
Thuế GTGT còn phải nộp là bao nhiêu nếu bù trừ với 0 đồng?,Thuế giá trị gia tăng của dự án đầu tư được bù trừ với thuế GTGT còn phải nộp là 0 đồng.,5.0,5.0,5.0,5.0,5.0
"Dữ liệu cá nhân cơ bản bao gồm những gì, đặc biệt là ngày tháng năm sinh?","Dữ liệu cá nhân cơ bản bao gồm họ tên, ngày tháng năm sinh, giới tính, nơi sinh, nơi đăng ký khai sinh, quốc tịch, hình ảnh cá nhân, số điện thoại, số chứng minh nhân dân, căn cước công dân, hộ chiếu, s",5.0,5.0,4.0,5.0,4.75
Xử lý vi phạm và trách nhiệm của bên kiểm soát dữ liệu là gì?,"Đoạn văn nằm trong phần ""Trách nhiệm của bên kiểm soát và xử lý dữ liệu"" của tài liệu ""nghi_dinh_13_summary.md"" và nói về trách nhiệm của các bên liên quan trong việc bảo vệ dữ liệu cá nhân.",3.0,4.0,4.0,3.0,3.5
"What is the total value of goods and services sold that are subject to a 10% tax rate, and how does this relate to the tax obligations for the period?","Hàng hóa, dịch vụ bán ra chịu thuế suất 10% có giá trị 3.703.685.610 đồng và thuế giá trị gia tăng tương ứng là 344.675.400 đồng.",5.0,5.0,5.0,5.0,5.0
What is the process for transferring personal data of Vietnamese citizens abroad according to Bộ Công an?,"Tổ chức, cá nhân chuyển dữ liệu cá nhân của công dân Việt Nam ra nước ngoài phải lập hồ sơ đánh giá tác động chuyển dữ liệu cá nhân ra nước ngoài và gửi cơ quan chuyên trách bảo vệ dữ liệu cá nhân thuộc Bộ Công an.",5.0,5.0,5.0,5.0,5.0
What is the focus of Nghị định 13/2023/NĐ-CP?,Nghị định 13/2023/NĐ-CP của Chính phủ được ban hành ngày 17 tháng 4 năm 2023.,2.0,2.0,4.0,2.0,2.5
Công ty Cổ phần DHA Surfaces nộp tờ khai thuế gì và khi nào?,"Người nộp thuế là Công ty Cổ phần DHA Surfaces, mã số thuế 0106769437.",2.0,3.0,4.0,2.0,2.75
"What are the requirements for obtaining consent from data subjects for processing personal data, and what responsibilities do data controllers and processors have in protecting this data?","Đoạn văn nằm trong phần ""Sự đồng ý của chủ thể dữ liệu"" của tài liệu ""nghi_dinh_13_summary.md"" và nói về yêu cầu có sự đồng ý của chủ thể dữ liệu khi xử lý dữ liệu cá nhân.",1.0,1.0,3.0,1.0,1.0
