question_id,question,answer_a,answer_b
0,What is the focus of Nghị định 13/2023/NĐ-CP?,Nghị định 13/2023/NĐ-CP của Chính phủ được ban hành ngày 17 tháng 4 năm 2023.,Nghị định 13/2023/NĐ-CP của Chính phủ được ban hành ngày 17 tháng 4 năm 2023.
1,Hàng hóa dịch vụ bán ra là gì và thuế suất của nó là bao nhiêu?,"Hàng hóa, dịch vụ bán ra chịu thuế suất 10% có giá trị 3.703.685.610 đồng và thuế giá trị gia tăng tương ứng là 344.675.400 đồng.","Hàng hóa, dịch vụ bán ra chịu thuế suất 10% có giá trị 3.703.685.610 đồng và thuế giá trị gia tăng tương ứng là 344.675.400 đồng."
2,"Dữ liệu cá nhân cơ bản bao gồm những gì, đặc biệt là ngày tháng năm sinh?","Dữ liệu cá nhân cơ bản bao gồm họ tên, ngày tháng năm sinh, giới tính, nơi sinh, nơi đăng ký khai sinh, quốc tịch, hình ảnh cá nhân, số điện thoại, số chứng minh nhân dân, căn cước công dân, hộ chiếu, s","Dữ liệu cá nhân cơ bản bao gồm họ tên, ngày tháng năm sinh, giới tính, nơi sinh, nơi đăng ký khai sinh, quốc tịch, hình ảnh cá nhân, số điện thoại, số chứng minh nhân dân, căn cước công dân, hộ chiếu, s"
3,What is the process for transferring personal data of Vietnamese citizens abroad according to the Bộ Công an?,"Tổ chức, cá nhân chuyển dữ liệu cá nhân của công dân Việt Nam ra nước ngoài phải lập hồ sơ đánh giá tác động chuyển dữ liệu cá nhân ra nước ngoài và gửi cơ quan chuyên trách bảo vệ dữ liệu cá nhân thuộc Bộ Công an.","Tổ chức, cá nhân chuyển dữ liệu cá nhân của công dân Việt Nam ra nước ngoài phải lập hồ sơ đánh giá tác động chuyển dữ liệu cá nhân ra nước ngoài và gửi cơ quan chuyên trách bảo vệ dữ liệu cá nhân thuộc Bộ Công an."
4,"Thuế GTGT của hàng hóa, dịch vụ mua vào trong kỳ là bao nhiêu?","Thuế giá trị gia tăng của hàng hóa, dịch vụ mua vào trong kỳ là 215.163.767 đồng.","Thuế giá trị gia tăng của hàng hóa, dịch vụ mua vào trong kỳ là 215.163.767 đồng."
5,Phap luat ve xu ly vi pham du lieu ca nhan la gi?,"Đoạn văn nằm trong phần ""Xử lý vi phạm"" của tài liệu ""nghi_dinh_13_summary.md"" và nói về các hình thức xử lý đối với vi phạm quy định về bảo vệ dữ liệu cá nhân.","Đoạn văn nằm trong phần ""Xử lý vi phạm"" của tài liệu ""nghi_dinh_13_summary.md"" và nói về các hình thức xử lý đối với vi phạm quy định về bảo vệ dữ liệu cá nhân."
6,Công ty Cổ phần DHA Surfaces nộp tờ khai thuế gì và khi nào?,"Người nộp thuế là Công ty Cổ phần DHA Surfaces, mã số thuế 0106769437.","Người nộp thuế là Công ty Cổ phần DHA Surfaces, mã số thuế 0106769437."
7,Xử lý vi phạm và trách nhiệm của bên kiểm soát dữ liệu là gì?,"Đoạn văn nằm trong phần ""Trách nhiệm của bên kiểm soát và xử lý dữ liệu"" của tài liệu ""nghi_dinh_13_summary.md"" và nói về trách nhiệm của các bên liên quan trong việc bảo vệ dữ liệu cá nhân.","Đoạn văn nằm trong phần ""Trách nhiệm của bên kiểm soát và xử lý dữ liệu"" của tài liệu ""nghi_dinh_13_summary.md"" và nói về trách nhiệm của các bên liên quan trong việc bảo vệ dữ liệu cá nhân."
8,Xử lý vi phạm như thế nào liên quan đến quyền của chủ thể dữ liệu?,"Đoạn văn nằm trong phần ""Quyền của chủ thể dữ liệu"" của tài liệu ""nghi_dinh_13_summary.md"" và nói về các quyền của chủ thể dữ liệu liên quan đến việc xử lý thông tin cá nhân.","Đoạn văn nằm trong phần ""Quyền của chủ thể dữ liệu"" của tài liệu ""nghi_dinh_13_summary.md"" và nói về các quyền của chủ thể dữ liệu liên quan đến việc xử lý thông tin cá nhân."
9,"Trong bối cảnh xử lý dữ liệu cá nhân, sự đồng ý của chủ thể dữ liệu có những yêu cầu gì và tại sao nó lại quan trọng?","Đoạn văn nằm trong phần ""Sự đồng ý của chủ thể dữ liệu"" của tài liệu ""nghi_dinh_13_summary.md"" và nói về yêu cầu có sự đồng ý của chủ thể dữ liệu trong việc xử lý dữ liệu cá nhân.","Đoạn văn nằm trong phần ""Sự đồng ý của chủ thể dữ liệu"" của tài liệu ""nghi_dinh_13_summary.md"" và nói về yêu cầu có sự đồng ý của chủ thể dữ liệu trong việc xử lý dữ liệu cá nhân."
